CustomerID,failed_traditional_credit,bnpl_usage_frequency,over_indebtedness_flag,financial_stress_score,external_repayment_loans,credit_card_interest_incidence,credit_limit_utilisation,payment_delinquency_count,impulsive_buying_score,financial_literacy_assessment,debt_accumulation_metric,return_dispute_incidents,demographic_risk_factor,bnpl_debt_ratio
CUST_0001,0,15,1,8,0,0,48,2,9,8,1.61,2,3,0.03
CUST_0002,1,12,1,10,1,0,13,5,6,1,2.2,3,2,0.31
CUST_0003,1,14,1,4,0,0,39,5,3,6,4.17,3,4,0.84
CUST_0004,0,8,0,2,0,0,39,4,6,2,4.65,3,5,0.14
CUST_0005,0,3,0,2,1,0,31,2,10,2,3.14,1,1,1.02
CUST_0006,0,8,0,1,0,0,84,2,6,7,1.97,1,4,0.91
CUST_0007,0,15,1,4,0,0,75,5,5,10,1.27,1,3,1.53
CUST_0008,1,5,0,10,0,1,21,3,2,1,4.91,3,2,1.32
CUST_0009,0,1,0,9,1,1,45,2,10,6,4.92,3,3,0.89
CUST_0010,1,7,0,7,0,1,27,4,10,7,4.62,0,4,0.45
CUST_0011,0,5,0,10,1,0,99,2,2,8,3.93,3,1,1.45
CUST_0012,1,6,0,7,1,0,62,4,7,7,1.63,1,5,1.42
CUST_0013,1,6,0,7,0,1,80,2,2,6,4.09,3,4,0.31
CUST_0014,0,8,0,8,0,0,10,4,6,9,2.04,3,1,1.83
CUST_0015,0,9,0,1,0,0,67,2,5,3,1.63,0,4,0.13
CUST_0016,0,2,0,10,0,1,99,2,4,6,3.72,3,2,0.11
CUST_0017,0,9,0,10,0,1,96,1,7,4,0.4,2,3,0.37
CUST_0018,0,12,1,8,1,0,99,4,8,2,0.24,0,5,1.82
CUST_0019,0,15,1,4,1,0,15,4,4,1,2.24,3,1,1.04
CUST_0020,0,11,1,4,1,1,79,4,1,1,2.23,3,5,1.58
CUST_0021,0,10,0,4,0,0,53,0,1,10,4.48,0,5,0.46
CUST_0022,0,9,0,6,1,1,81,2,1,3,0.63,3,5,0.98
CUST_0023,0,13,1,7,1,1,33,4,1,4,0.62,1,1,0.72
CUST_0024,0,10,0,6,1,1,95,5,5,2,0.74,2,1,1.66
CUST_0025,0,15,1,1,0,0,28,0,4,1,0.15,2,5,0.05
CUST_0026,1,10,0,8,1,0,27,1,9,4,0.36,1,3,0.49
CUST_0027,0,7,0,10,0,1,39,4,3,7,3.3,3,4,0.31
CUST_0028,0,1,0,7,0,0,51,4,7,10,2.16,3,5,1.72
CUST_0029,0,7,0,6,0,1,42,0,8,6,3.82,2,2,0.94
CUST_0030,0,10,0,6,1,0,83,2,6,6,4.96,3,5,0.81
CUST_0031,0,5,0,5,1,0,21,5,10,9,3.3,2,1,0.9
CUST_0032,0,6,0,6,0,1,36,1,1,2,0.25,2,4,1.94
CUST_0033,0,10,0,9,0,1,48,4,8,4,0.52,1,2,1.7
CUST_0034,1,7,0,10,0,1,18,2,10,5,4.41,2,4,1.41
CUST_0035,1,14,1,9,0,1,30,5,3,1,2.64,3,4,0.58
CUST_0036,1,15,1,10,0,0,85,5,8,8,4.12,3,2,0.33
CUST_0037,0,5,0,8,0,1,38,1,4,8,4.28,0,5,1.84
CUST_0038,0,7,0,10,1,1,42,3,8,6,4.64,3,5,0.85
CUST_0039,0,9,0,9,0,0,71,5,1,5,4.75,0,5,0.56
CUST_0040,0,3,0,10,0,0,24,3,3,8,2.77,2,3,0.94
CUST_0041,0,8,0,8,0,0,11,5,6,3,1.71,3,5,1.84
CUST_0042,0,2,0,8,1,0,61,1,9,3,4.81,1,2,0.77
CUST_0043,0,11,1,1,1,1,53,0,2,2,2.74,1,3,1.13
CUST_0044,1,7,0,10,1,0,63,1,1,5,0.32,1,5,1.61
CUST_0045,0,13,1,5,0,0,27,1,10,3,3.21,2,3,0.85
CUST_0046,0,2,0,4,0,0,12,0,3,3,2.94,2,2,0.47
CUST_0047,0,15,1,2,0,0,16,0,4,6,4.48,0,5,1.99
CUST_0048,0,14,1,8,1,0,52,2,5,8,3.27,1,1,1.91
CUST_0049,0,4,0,3,1,0,91,5,3,2,1.75,0,2,1.69
CUST_0050,0,7,0,4,1,1,47,2,10,4,4.83,0,4,1.38
CUST_0051,1,3,0,7,1,0,46,0,2,7,4.01,3,4,0.59
CUST_0052,1,2,0,10,1,0,67,3,2,1,3.15,3,2,1.83
CUST_0053,1,11,1,9,0,0,42,3,7,1,1.46,1,4,0.55
CUST_0054,1,10,0,2,1,1,68,1,9,10,1.87,2,2,1.6
CUST_0055,0,7,0,3,0,0,20,4,10,7,3.35,3,1,1.84
CUST_0056,1,1,0,4,0,1,77,1,2,7,0.36,2,2,1.21
CUST_0057,0,14,1,10,0,1,91,1,7,1,1.28,0,5,1.61
CUST_0058,0,15,1,1,0,1,77,4,7,1,3.57,0,5,1.58
CUST_0059,0,8,0,7,0,0,97,5,7,4,2.4,0,3,0.39
CUST_0060,0,3,0,2,0,1,31,0,3,5,2.01,0,4,1.34
CUST_0061,0,12,1,5,0,0,75,3,7,5,0.76,1,4,0.19
CUST_0062,0,12,1,1,0,1,53,1,1,4,2.21,0,2,1.02
CUST_0063,1,13,1,3,0,0,15,4,10,8,3.85,3,4,0.32
CUST_0064,0,2,0,2,0,0,51,2,1,7,1.32,0,5,0.83
CUST_0065,0,3,0,1,0,0,34,1,5,9,0.03,2,1,1.67
CUST_0066,0,5,0,7,0,0,66,3,2,7,3.34,3,2,1.97
CUST_0067,0,11,1,5,1,1,94,0,9,10,4.86,2,4,0.64
CUST_0068,1,8,0,1,1,0,64,1,7,1,3.03,2,5,1.06
CUST_0069,0,10,0,6,1,0,25,1,4,7,0.6,1,3,1.02
CUST_0070,1,7,0,5,1,0,23,5,4,1,1.6,1,4,1.91
CUST_0071,1,7,0,3,0,1,48,4,2,7,4.34,2,1,0.96
CUST_0072,0,12,1,7,1,1,37,2,5,10,1.16,2,1,1.4
CUST_0073,0,7,0,10,0,1,60,2,4,8,3.04,0,4,1.84
CUST_0074,1,15,1,9,0,1,58,0,1,9,2.01,3,4,0.75
CUST_0075,1,8,0,9,1,0,18,3,8,3,1.04,0,5,1.8
CUST_0076,1,1,0,9,0,0,67,0,3,4,4.07,1,4,1.83
CUST_0077,1,4,0,2,1,1,54,1,6,4,3.71,1,3,1.86
CUST_0078,0,13,1,3,1,0,31,1,4,9,3.31,0,5,0.54
CUST_0079,0,6,0,7,1,0,41,2,9,7,1.18,3,2,0.8
CUST_0080,0,9,0,5,1,0,78,3,7,3,0.49,2,3,1.74
CUST_0081,1,13,1,2,0,0,96,4,9,10,2.88,0,5,0.72
CUST_0082,0,2,0,3,0,0,78,3,10,5,2.77,1,5,1.2
CUST_0083,0,1,0,10,0,1,51,1,3,7,0.94,3,1,0.24
CUST_0084,0,13,1,6,0,0,62,4,1,8,0.28,1,5,0.11
CUST_0085,0,10,0,7,1,0,68,3,5,1,0.4,3,3,0.82
CUST_0086,0,12,1,9,1,0,83,3,3,2,4.96,3,4,1.16
CUST_0087,1,14,1,1,1,1,48,4,6,7,3.92,3,3,0.79
CUST_0088,0,2,0,7,0,0,24,1,8,2,4.61,0,2,1.16
CUST_0089,1,7,0,8,0,1,80,3,4,7,0.98,0,5,1.03
CUST_0090,0,3,0,3,0,1,38,4,5,9,4.8,0,5,1.37
CUST_0091,0,10,0,4,0,0,12,5,5,2,0.71,3,5,1.3
CUST_0092,1,2,0,10,1,1,92,5,4,7,2.55,3,5,0.85
CUST_0093,1,14,1,6,0,1,19,1,4,4,4.15,1,1,0.85
CUST_0094,0,11,1,10,0,1,38,4,4,2,1.75,2,1,0.28
CUST_0095,1,7,0,7,0,1,88,5,4,7,2.12,0,4,1.03
CUST_0096,0,13,1,4,1,0,44,4,4,5,0.64,3,5,1.17
CUST_0097,0,13,1,8,1,0,15,3,5,1,0.61,1,2,0.95
CUST_0098,0,2,0,5,0,0,21,1,2,5,3.1,1,4,0.65
CUST_0099,0,3,0,1,0,0,47,5,2,3,3.38,1,5,1.44
CUST_0100,0,11,1,4,0,1,86,3,9,7,3.89,0,1,0.15
CUST_0101,0,7,0,3,0,0,28,0,2,6,2.78,0,2,1.83
CUST_0102,0,14,1,9,1,1,76,0,6,8,3.23,2,4,0.04
CUST_0103,0,4,0,8,1,1,17,1,2,5,0.07,1,2,1.92
CUST_0104,0,13,1,1,0,1,17,5,5,2,0.81,0,5,0.92
CUST_0105,1,14,1,6,0,1,93,5,4,9,4.92,1,3,0.83
CUST_0106,0,1,0,9,1,0,56,5,7,8,0.38,3,2,0.51
CUST_0107,0,13,1,7,0,0,13,4,7,6,3.39,1,2,0.02
CUST_0108,1,14,1,4,1,0,60,3,6,10,0.88,2,1,0.55
CUST_0109,0,5,0,1,0,0,94,5,10,7,3.58,0,5,0.22
CUST_0110,0,12,1,2,0,0,76,3,5,9,3.53,3,2,1.32
CUST_0111,0,9,0,5,0,0,54,1,1,7,1.17,0,5,0.64
CUST_0112,0,8,0,5,0,1,17,5,3,3,1.35,3,1,1.53
CUST_0113,1,12,1,8,1,0,96,1,9,6,3.27,1,5,0.41
CUST_0114,1,15,1,6,0,0,25,5,1,7,1.95,1,1,1.8
CUST_0115,0,9,0,8,0,1,86,0,5,2,0.97,2,1,1.05
CUST_0116,1,10,0,2,0,0,76,2,2,3,3.66,2,4,0.23
CUST_0117,1,14,1,3,0,0,18,1,4,4,0.77,3,5,0.8
CUST_0118,0,9,0,6,0,1,69,5,1,10,4.28,2,3,0.41
CUST_0119,1,15,1,10,0,0,87,2,3,6,2.57,2,4,0.4
CUST_0120,0,7,0,3,1,1,86,1,10,1,0.53,2,1,1.01
CUST_0121,1,4,0,6,0,0,80,4,7,9,3.47,2,3,1.34
CUST_0122,1,5,0,6,0,1,24,5,10,5,2.6,1,2,1.82
CUST_0123,0,1,0,2,1,0,80,4,3,7,1.49,2,2,1.0
CUST_0124,0,14,1,7,0,0,50,0,4,9,2.11,1,4,1.93
CUST_0125,0,1,0,2,1,0,31,5,2,9,1.49,1,3,1.88
CUST_0126,0,3,0,6,0,1,33,0,3,1,1.32,0,5,1.73
CUST_0127,1,13,1,1,1,0,53,2,9,1,0.82,1,3,1.0
CUST_0128,1,14,1,3,1,0,10,1,3,3,1.81,1,4,0.28
CUST_0129,0,8,0,2,1,1,19,3,5,6,1.25,2,5,0.44
CUST_0130,0,14,1,7,1,1,89,0,2,2,3.42,1,5,1.3
CUST_0131,0,2,0,4,0,0,81,3,4,10,3.42,3,2,0.84
CUST_0132,0,4,0,8,1,1,65,3,7,1,2.51,2,3,0.29
CUST_0133,0,2,0,6,0,0,98,1,7,1,3.89,2,5,0.96
CUST_0134,0,14,1,10,0,0,59,2,3,5,4.21,2,4,0.03
CUST_0135,1,5,0,4,0,0,21,1,5,4,2.9,0,2,1.47
CUST_0136,0,9,0,5,0,1,98,5,1,1,3.09,2,5,0.15
CUST_0137,0,1,0,9,0,1,90,0,10,4,1.41,1,3,1.26
CUST_0138,1,5,0,7,0,0,69,3,10,3,4.47,3,2,1.59
CUST_0139,0,14,1,10,0,0,35,1,10,2,0.12,2,3,0.27
CUST_0140,1,15,1,9,1,0,87,1,1,9,1.74,2,3,1.04
CUST_0141,1,9,0,7,1,1,50,1,5,1,3.61,3,3,1.56
CUST_0142,0,15,1,1,0,1,45,0,10,7,0.4,2,2,0.52
CUST_0143,0,1,0,8,0,0,32,2,9,4,0.92,0,5,0.33
CUST_0144,0,9,0,4,0,1,52,1,1,5,2.95,1,1,0.67
CUST_0145,0,8,0,3,0,1,15,0,1,10,2.8,3,5,1.11
CUST_0146,0,4,0,7,0,0,78,3,4,5,3.69,3,2,1.15
CUST_0147,0,12,1,3,0,0,52,5,4,1,4.06,0,1,0.26
CUST_0148,0,11,1,8,0,0,34,4,2,6,0.64,1,1,0.92
CUST_0149,0,10,0,6,1,1,27,0,9,9,0.09,0,1,0.54
CUST_0150,0,5,0,5,0,1,71,4,9,2,3.45,1,4,1.68
CUST_0151,1,13,1,4,0,0,22,1,2,7,1.51,0,2,0.63
CUST_0152,0,5,0,8,0,1,52,1,9,6,3.13,2,4,1.68
CUST_0153,0,11,1,8,0,0,87,0,6,5,0.75,0,1,0.86
CUST_0154,0,12,1,1,0,0,37,4,8,4,2.35,3,4,1.45
CUST_0155,1,6,0,9,1,1,27,1,10,4,2.52,3,4,1.02
CUST_0156,0,7,0,5,0,1,68,3,4,6,2.93,3,2,1.24
CUST_0157,0,8,0,4,0,0,69,2,2,4,2.57,0,3,0.79
CUST_0158,1,15,1,6,1,0,72,2,2,5,2.48,3,4,1.54
CUST_0159,0,14,1,6,1,0,66,1,9,6,1.66,3,4,0.85
CUST_0160,1,8,0,2,1,0,60,4,1,5,0.36,2,1,0.91
CUST_0161,0,11,1,8,0,0,65,5,7,7,0.45,2,1,1.04
CUST_0162,0,14,1,7,1,0,36,1,3,9,2.17,1,1,1.66
CUST_0163,0,13,1,1,0,1,41,5,3,10,1.78,1,5,1.32
CUST_0164,0,2,0,5,0,0,18,5,2,7,2.58,1,4,0.7
CUST_0165,0,9,0,6,0,1,93,4,10,7,1.52,0,1,1.34
CUST_0166,1,7,0,4,0,1,77,5,6,4,3.44,1,2,1.28
CUST_0167,0,4,0,2,0,0,55,3,10,1,4.32,0,5,1.86
CUST_0168,0,4,0,4,0,0,76,4,2,8,1.49,0,3,1.68
CUST_0169,0,11,1,1,1,1,35,1,10,4,0.96,1,4,1.29
CUST_0170,0,8,0,7,1,0,17,3,4,1,0.58,1,4,0.68
CUST_0171,0,4,0,2,1,1,15,0,10,5,3.08,0,2,1.56
CUST_0172,0,13,1,2,0,1,89,2,9,8,2.22,2,3,1.15
CUST_0173,0,15,1,9,1,1,33,1,9,4,0.94,3,3,1.97
CUST_0174,0,6,0,5,0,1,57,1,6,8,3.27,3,5,0.5
CUST_0175,0,5,0,2,1,0,54,1,4,8,0.74,3,4,0.16
CUST_0176,0,3,0,9,0,0,22,3,7,3,2.77,2,1,0.14
CUST_0177,0,13,1,9,1,0,78,0,1,9,2.64,0,2,1.28
CUST_0178,0,14,1,1,0,0,34,4,4,3,3.67,1,2,1.88
CUST_0179,1,10,0,3,1,0,29,0,5,1,0.28,0,2,0.0
CUST_0180,0,11,1,4,1,0,91,3,8,2,4.44,0,2,1.45
CUST_0181,0,2,0,7,0,1,91,1,2,6,3.51,1,1,1.31
CUST_0182,0,9,0,10,0,0,75,2,5,10,1.08,2,1,1.46
CUST_0183,1,10,0,4,1,0,83,1,6,2,0.92,3,5,0.71
CUST_0184,1,9,0,2,0,0,54,4,5,6,2.16,3,4,1.64
CUST_0185,0,1,0,7,1,0,56,5,9,1,4.09,0,1,0.09
CUST_0186,0,10,0,6,0,0,72,2,10,1,4.21,2,5,1.51
CUST_0187,1,3,0,3,0,0,85,1,1,5,2.6,3,3,0.53
CUST_0188,0,8,0,6,0,0,86,2,3,10,4.3,2,4,0.95
CUST_0189,0,6,0,6,0,0,64,5,2,9,0.03,1,1,1.65
CUST_0190,0,5,0,5,1,1,84,0,3,8,0.18,0,3,0.54
CUST_0191,0,5,0,4,0,1,28,3,10,3,4.56,0,5,0.37
CUST_0192,1,6,0,10,0,1,44,1,9,3,3.88,2,1,1.36
CUST_0193,1,15,1,1,0,0,62,4,9,1,2.25,3,1,1.07
CUST_0194,0,7,0,10,0,1,35,0,10,3,3.77,2,3,1.03
CUST_0195,0,1,0,6,1,1,23,1,2,1,4.78,1,1,0.51
CUST_0196,0,9,0,2,1,0,54,0,3,8,3.86,3,2,0.07
CUST_0197,1,3,0,3,0,1,53,4,4,1,4.21,3,1,0.82
CUST_0198,1,4,0,8,1,0,97,1,9,5,3.8,2,4,0.21
CUST_0199,1,10,0,10,1,1,74,5,3,9,0.84,1,3,1.81
CUST_0200,1,1,0,6,0,1,60,5,7,7,4.17,3,4,0.08
CUST_0201,0,13,1,3,1,0,52,4,3,4,0.98,0,5,0.86
CUST_0202,0,11,1,7,0,1,95,2,7,9,4.46,1,4,0.1
CUST_0203,0,10,0,4,0,0,32,4,7,9,2.29,3,2,0.19
CUST_0204,1,3,0,9,1,1,65,2,9,2,3.38,2,2,1.32
CUST_0205,0,2,0,5,0,0,28,1,2,10,2.49,3,4,1.29
CUST_0206,0,2,0,3,1,1,91,2,6,10,0.47,0,5,0.07
CUST_0207,0,14,1,2,1,0,85,1,9,6,1.45,1,1,0.0
CUST_0208,0,1,0,2,0,0,64,1,2,4,4.92,3,2,0.16
CUST_0209,0,8,0,3,1,0,69,3,2,8,4.8,0,4,1.53
CUST_0210,0,3,0,2,0,1,68,1,5,7,1.6,3,4,1.17
CUST_0211,0,3,0,4,0,1,42,2,10,7,4.98,3,4,0.08
CUST_0212,0,6,0,2,1,1,28,3,10,10,4.23,1,1,0.98
CUST_0213,0,13,1,10,1,1,37,3,10,9,3.05,2,3,1.42
CUST_0214,0,8,0,9,0,0,61,1,8,5,0.2,2,5,1.74
CUST_0215,1,13,1,2,0,0,58,4,9,6,4.51,0,3,1.87
CUST_0216,0,15,1,9,1,0,46,4,2,1,2.79,0,5,0.65
CUST_0217,0,9,0,6,1,0,35,5,5,6,4.34,0,5,0.27
CUST_0218,1,9,0,1,1,0,49,3,7,2,4.17,1,4,0.47
CUST_0219,0,4,0,4,0,0,89,1,6,6,4.17,2,2,1.55
CUST_0220,1,14,1,1,0,0,47,4,6,9,3.49,0,4,1.94
CUST_0221,0,5,0,6,0,0,86,1,7,8,1.46,0,1,0.93
CUST_0222,0,2,0,4,1,0,96,1,3,9,1.68,3,5,0.61
CUST_0223,0,11,1,3,0,0,63,3,3,10,1.54,3,2,0.86
CUST_0224,0,9,0,3,0,1,31,5,10,8,0.1,0,5,0.61
CUST_0225,0,8,0,9,1,1,25,3,9,3,2.91,3,5,0.51
CUST_0226,0,3,0,6,0,1,37,0,8,8,3.49,3,4,1.19
CUST_0227,1,11,1,9,1,0,44,4,5,6,4.27,3,2,0.03
CUST_0228,0,12,1,5,1,0,69,4,6,6,0.7,1,2,0.52
CUST_0229,1,13,1,2,1,1,54,4,10,6,2.72,0,5,1.32
CUST_0230,0,9,0,8,0,0,55,2,1,3,0.04,0,2,0.06
CUST_0231,1,3,0,5,0,0,81,1,10,10,0.48,3,2,0.17
CUST_0232,0,9,0,2,1,0,64,3,1,1,0.27,1,4,0.59
CUST_0233,0,2,0,4,1,0,95,4,4,4,3.63,3,3,1.76
CUST_0234,0,12,1,9,1,0,94,0,2,10,0.41,1,1,1.53
CUST_0235,0,10,0,4,0,0,35,4,7,6,3.58,0,3,0.04
CUST_0236,1,9,0,4,1,1,94,5,2,10,1.25,3,2,1.0
CUST_0237,0,15,1,2,1,0,34,1,10,2,4.39,0,5,0.55
CUST_0238,0,8,0,6,1,0,74,1,2,7,4.07,1,1,1.3
CUST_0239,0,9,0,2,1,1,15,3,5,7,4.79,2,1,1.44
CUST_0240,0,5,0,7,1,0,32,2,4,4,4.42,1,5,1.73
CUST_0241,1,11,1,3,1,0,73,3,8,4,4.67,2,1,0.95
CUST_0242,1,11,1,3,0,1,96,4,4,1,4.29,0,5,1.99
CUST_0243,1,2,0,5,0,0,52,5,6,2,3.47,0,1,1.96
CUST_0244,0,8,0,3,0,0,32,0,5,9,0.85,3,3,1.76
CUST_0245,0,12,1,2,0,0,39,3,2,10,1.36,2,1,1.15
CUST_0246,1,15,1,10,0,0,86,2,8,8,1.06,1,4,0.8
CUST_0247,0,6,0,9,0,0,27,3,2,8,3.02,0,5,0.73
CUST_0248,1,8,0,2,0,1,96,1,9,9,2.52,2,1,0.02
CUST_0249,1,11,1,2,0,0,88,4,9,7,4.34,1,5,0.5
CUST_0250,1,5,0,8,1,0,30,4,3,9,4.76,2,4,1.44
CUST_0251,0,10,0,9,1,0,66,4,4,10,2.02,1,1,1.21
CUST_0252,0,2,0,7,0,0,32,4,8,2,2.53,1,1,1.83
CUST_0253,1,6,0,3,1,0,100,4,9,6,4.86,1,4,0.1
CUST_0254,0,5,0,9,0,0,54,4,3,3,1.38,1,4,0.31
CUST_0255,0,12,1,3,0,0,53,0,5,6,3.96,2,4,1.58
CUST_0256,0,13,1,5,0,0,91,2,8,3,1.13,2,5,0.72
CUST_0257,1,12,1,9,0,0,97,4,3,8,3.41,3,4,0.24
CUST_0258,0,5,0,3,1,0,56,2,7,4,1.27,2,5,1.99
CUST_0259,0,13,1,7,1,1,49,5,8,10,4.42,2,3,1.57
CUST_0260,0,1,0,1,0,0,60,4,10,6,2.81,3,1,0.82
CUST_0261,0,2,0,4,0,0,51,3,3,9,0.93,2,1,1.65
CUST_0262,1,8,0,4,0,0,16,4,2,2,1.12,1,2,1.36
CUST_0263,0,13,1,7,0,1,59,1,10,2,2.47,0,3,1.58
CUST_0264,0,14,1,8,0,0,57,0,7,7,4.81,0,4,1.63
CUST_0265,1,13,1,1,0,1,93,3,9,2,3.85,3,4,0.17
CUST_0266,1,3,0,5,1,1,100,3,1,2,2.44,2,3,1.25
CUST_0267,0,10,0,7,1,1,15,1,3,4,1.69,2,4,0.01
CUST_0268,1,3,0,4,0,0,100,4,5,9,2.75,3,2,0.09
CUST_0269,0,8,0,4,1,0,18,0,3,8,3.74,0,5,1.81
CUST_0270,0,8,0,4,0,1,66,3,1,2,3.92,1,1,1.06
CUST_0271,1,2,0,6,0,1,40,0,7,8,1.62,2,3,1.47
CUST_0272,1,8,0,7,0,1,30,3,7,4,3.61,3,1,1.68
CUST_0273,1,11,1,2,1,0,99,4,10,2,3.29,1,5,1.9
CUST_0274,1,13,1,5,1,0,49,5,8,10,4.8,3,3,1.74
CUST_0275,0,13,1,4,1,0,54,3,5,7,4.66,3,5,0.97
CUST_0276,0,1,0,3,0,1,86,5,10,6,3.95,3,4,0.67
CUST_0277,1,6,0,7,1,0,58,3,5,10,3.62,0,4,0.31
CUST_0278,0,8,0,6,0,0,96,2,5,5,1.37,0,4,0.8
CUST_0279,1,3,0,7,1,1,29,4,1,1,4.23,3,5,0.73
CUST_0280,1,8,0,5,0,0,26,1,10,2,2.14,2,5,1.12
CUST_0281,1,12,1,6,0,1,37,5,5,8,1.36,1,5,1.33
CUST_0282,0,1,0,5,0,0,50,1,6,1,1.92,2,1,1.96
CUST_0283,0,11,1,7,1,0,75,4,1,3,4.18,0,5,1.46
CUST_0284,0,11,1,2,0,0,34,1,7,2,0.74,1,4,1.29
CUST_0285,0,9,0,5,1,1,67,4,1,5,2.28,3,2,0.67
CUST_0286,0,13,1,6,0,0,50,1,2,4,2.46,2,5,0.07
CUST_0287,0,11,1,6,1,0,15,5,2,7,0.18,2,2,0.58
CUST_0288,0,13,1,5,1,1,84,2,5,5,0.98,3,4,1.54
CUST_0289,0,9,0,10,1,0,47,1,10,8,4.13,2,5,0.41
CUST_0290,0,5,0,7,0,0,15,5,7,4,4.15,0,1,1.42
CUST_0291,0,10,0,10,0,0,54,3,1,6,1.46,3,1,1.16
CUST_0292,0,4,0,8,0,0,84,4,10,4,4.37,2,2,0.34
CUST_0293,1,15,1,7,1,0,23,0,1,2,3.86,3,1,0.52
CUST_0294,0,11,1,5,0,0,75,0,1,1,2.09,1,1,0.99
CUST_0295,0,6,0,1,0,0,49,4,6,1,3.74,3,1,0.84
CUST_0296,0,12,1,5,0,0,12,2,2,8,4.81,2,4,1.56
CUST_0297,1,7,0,10,0,1,33,1,1,4,2.29,0,1,1.47
CUST_0298,0,5,0,2,1,0,28,2,6,5,1.19,3,3,1.15
CUST_0299,0,11,1,5,0,0,27,0,2,8,4.71,3,5,1.64
CUST_0300,0,13,1,5,1,0,73,5,6,7,3.02,2,1,1.13
CUST_0301,0,10,0,2,0,0,97,4,10,8,0.53,0,1,1.93
CUST_0302,0,9,0,5,0,0,44,4,8,8,2.86,0,1,0.43
CUST_0303,0,3,0,4,0,0,71,2,2,6,2.5,1,3,1.43
CUST_0304,0,15,1,1,0,1,10,5,9,10,4.28,1,1,0.74
CUST_0305,1,7,0,3,0,0,34,2,8,2,2.65,2,1,0.56
CUST_0306,1,10,0,1,1,1,54,1,10,6,1.28,0,5,0.36
CUST_0307,0,10,0,5,0,1,58,3,1,1,3.38,0,3,1.11
CUST_0308,0,11,1,4,1,0,98,5,7,1,2.71,1,3,0.43
CUST_0309,1,5,0,7,0,0,25,3,10,3,1.17,1,1,0.4
CUST_0310,0,14,1,5,0,0,28,1,6,3,2.87,2,3,1.98
CUST_0311,0,7,0,10,1,1,32,3,6,5,4.11,0,2,1.6
CUST_0312,0,15,1,4,0,0,92,0,6,1,0.14,3,3,1.5
CUST_0313,0,2,0,2,0,0,34,3,6,10,3.15,1,3,1.59
CUST_0314,1,4,0,4,0,0,25,1,10,6,1.75,2,3,1.94
CUST_0315,1,2,0,2,0,1,63,3,7,7,1.46,0,4,1.15
CUST_0316,0,14,1,8,1,1,82,4,3,10,1.96,0,4,0.44
CUST_0317,0,13,1,3,0,0,10,2,6,3,1.71,1,4,1.72
CUST_0318,0,13,1,9,1,1,51,0,3,4,4.16,2,3,1.49
CUST_0319,0,12,1,4,1,0,28,4,7,10,1.37,3,2,0.83
CUST_0320,0,7,0,6,0,0,43,4,7,10,3.67,1,3,0.95
CUST_0321,0,2,0,10,1,1,89,1,8,10,0.47,2,1,0.82
CUST_0322,1,13,1,5,0,0,64,2,2,10,4.76,0,2,1.86
CUST_0323,0,14,1,10,1,0,27,2,9,10,3.11,3,4,0.69
CUST_0324,0,11,1,1,0,0,43,5,5,3,3.53,2,5,1.93
CUST_0325,1,1,0,9,1,1,98,0,9,1,1.49,3,2,1.82
CUST_0326,1,9,0,1,0,1,54,1,10,8,2.06,2,4,1.26
CUST_0327,0,1,0,8,0,0,15,0,5,10,1.12,2,2,1.16
CUST_0328,0,8,0,9,1,1,30,5,7,10,4.66,2,2,0.74
CUST_0329,0,15,1,9,1,0,79,3,9,2,2.44,2,3,0.04
CUST_0330,0,2,0,1,0,0,57,4,4,1,3.15,3,1,0.26
CUST_0331,0,12,1,2,0,0,48,0,2,8,3.67,1,5,1.51
CUST_0332,1,8,0,1,1,0,40,4,9,7,1.86,3,4,0.94
CUST_0333,0,13,1,10,1,0,19,1,2,7,3.6,2,2,0.3
CUST_0334,0,3,0,2,1,1,39,3,3,4,3.38,3,5,0.53
CUST_0335,0,6,0,10,1,0,27,1,10,9,3.53,3,2,1.9
CUST_0336,0,3,0,8,1,0,69,3,2,6,2.45,3,1,0.73
CUST_0337,1,14,1,5,1,0,97,3,3,2,1.91,2,5,1.82
CUST_0338,1,7,0,7,0,0,82,4,6,1,1.11,3,4,0.61
CUST_0339,0,10,0,2,0,1,24,1,3,1,4.12,0,2,1.09
CUST_0340,0,9,0,8,1,0,13,1,10,9,3.04,2,1,0.04
CUST_0341,0,2,0,6,1,0,72,0,8,4,2.22,3,5,1.04
CUST_0342,0,15,1,8,0,1,49,1,6,5,4.72,0,2,1.27
CUST_0343,0,12,1,1,0,0,18,0,7,3,0.24,3,2,0.47
CUST_0344,0,12,1,1,1,0,18,2,1,4,4.25,1,4,1.16
CUST_0345,0,15,1,7,0,0,35,2,3,8,4.99,3,1,1.29
CUST_0346,0,14,1,8,0,0,13,2,3,4,4.43,3,3,1.37
CUST_0347,0,5,0,3,0,1,90,5,2,9,4.05,1,2,1.55
CUST_0348,0,13,1,5,0,1,25,1,7,9,1.87,2,5,0.62
CUST_0349,0,6,0,1,0,0,24,5,9,6,1.16,1,4,1.14
CUST_0350,0,4,0,7,0,1,61,1,4,2,3.67,2,4,1.96
CUST_0351,0,4,0,5,0,0,78,0,5,10,1.52,1,2,1.8
CUST_0352,1,4,0,8,1,0,14,5,3,7,0.88,3,2,1.91
CUST_0353,0,2,0,8,0,0,29,5,9,9,3.93,3,2,0.77
CUST_0354,0,4,0,9,1,0,88,5,4,6,1.56,2,3,1.57
CUST_0355,0,11,1,7,1,0,27,3,5,3,4.57,2,2,1.24
CUST_0356,0,1,0,1,0,0,11,0,1,7,4.2,0,1,0.17
CUST_0357,0,12,1,3,1,1,22,2,2,5,4.24,0,5,1.65
CUST_0358,0,6,0,8,0,0,13,0,9,1,3.86,3,2,1.35
CUST_0359,1,1,0,3,1,0,51,3,2,3,4.4,3,3,0.4
CUST_0360,0,10,0,8,0,0,83,1,5,5,4.03,0,5,0.16
CUST_0361,0,6,0,1,1,0,70,0,8,7,3.01,0,4,1.67
CUST_0362,0,1,0,5,1,0,17,5,3,3,1.48,2,2,0.16
CUST_0363,0,6,0,4,0,0,76,2,6,6,4.44,1,5,0.18
CUST_0364,0,10,0,5,0,1,72,2,4,5,4.2,2,4,0.85
CUST_0365,1,8,0,8,1,0,18,1,7,1,2.36,0,3,0.27
CUST_0366,0,11,1,10,1,0,20,0,10,10,0.2,3,1,1.83
CUST_0367,1,2,0,4,0,0,51,3,3,6,3.19,0,2,0.94
CUST_0368,1,2,0,4,1,0,22,1,6,8,0.25,3,1,1.14
CUST_0369,0,14,1,3,0,0,45,0,10,1,4.63,3,3,1.86
CUST_0370,0,15,1,7,1,1,22,4,9,2,4.81,3,5,1.06
CUST_0371,0,13,1,3,0,0,21,2,10,4,0.95,3,5,0.71
CUST_0372,0,12,1,3,1,0,46,3,1,2,3.38,1,3,1.59
CUST_0373,0,4,0,10,0,0,83,5,3,9,0.46,0,3,0.89
CUST_0374,0,11,1,5,0,0,82,3,2,10,3.65,2,2,0.64
CUST_0375,0,3,0,5,0,0,61,5,8,8,1.74,3,4,1.45
CUST_0376,0,4,0,6,0,1,80,3,7,8,3.41,3,1,1.6
CUST_0377,1,13,1,8,0,0,11,2,2,4,1.86,2,1,1.58
CUST_0378,0,12,1,10,0,1,65,5,6,5,0.73,2,5,1.96
CUST_0379,1,7,0,6,1,0,69,0,3,4,2.03,3,5,1.57
CUST_0380,0,13,1,1,0,1,32,5,8,9,0.56,2,2,1.54
CUST_0381,0,11,1,8,0,0,49,1,10,2,2.88,2,3,1.71
CUST_0382,0,1,0,8,0,1,73,0,3,8,0.2,1,1,0.0
CUST_0383,0,6,0,9,0,0,94,1,10,2,2.64,2,2,0.72
CUST_0384,1,15,1,9,0,1,32,3,9,1,4.43,0,5,1.48
CUST_0385,1,15,1,2,0,0,38,0,1,10,4.19,0,5,1.2
CUST_0386,1,3,0,2,0,0,87,3,5,3,4.41,0,1,0.36
CUST_0387,0,11,1,3,0,0,99,4,3,9,4.61,3,5,0.61
CUST_0388,0,10,0,1,0,1,60,3,6,3,0.52,0,5,0.67
CUST_0389,1,7,0,4,0,0,78,3,10,9,0.64,1,4,1.14
CUST_0390,1,10,0,4,0,1,98,1,2,7,2.79,0,3,1.66
CUST_0391,1,2,0,9,0,0,40,5,9,10,4.47,3,5,1.86
CUST_0392,0,14,1,9,1,0,59,4,6,1,4.87,1,4,1.5
CUST_0393,0,2,0,9,0,0,29,3,7,10,0.23,0,2,1.69
CUST_0394,1,13,1,10,1,1,64,3,5,5,1.78,1,5,0.94
CUST_0395,0,4,0,7,0,1,90,4,9,9,1.06,1,2,0.78
CUST_0396,1,1,0,2,1,1,11,4,1,3,3.78,3,5,0.79
CUST_0397,1,3,0,10,1,0,34,0,5,9,3.2,3,1,1.23
CUST_0398,0,13,1,5,0,0,22,1,10,5,0.6,1,4,0.25
CUST_0399,1,9,0,4,1,1,79,4,6,9,2.42,0,4,1.16
CUST_0400,1,7,0,8,0,0,76,4,7,10,3.43,3,1,1.33
CUST_0401,0,15,1,2,0,1,67,2,4,6,3.9,1,3,0.88
CUST_0402,1,7,0,6,1,1,91,5,1,9,0.1,2,4,1.91
CUST_0403,0,13,1,5,1,1,84,4,8,7,4.45,2,2,1.22
CUST_0404,1,13,1,2,0,1,93,1,10,7,2.85,3,4,0.44
CUST_0405,0,11,1,10,0,0,73,5,4,8,4.06,0,3,0.96
CUST_0406,1,4,0,1,0,0,78,5,3,7,4.04,2,2,1.35
CUST_0407,0,2,0,8,0,1,92,3,7,9,0.95,2,2,0.65
CUST_0408,0,15,1,2,1,0,95,3,2,9,0.55,2,1,0.16
CUST_0409,1,14,1,7,0,1,68,3,8,6,3.61,0,5,1.17
CUST_0410,0,4,0,9,0,1,69,3,6,7,0.78,0,1,1.9
CUST_0411,0,6,0,9,0,0,92,2,7,2,4.25,3,5,0.97
CUST_0412,1,11,1,8,0,1,71,4,5,9,3.63,3,1,1.81
CUST_0413,1,11,1,10,0,0,25,3,9,1,4.21,2,5,1.67
CUST_0414,0,3,0,9,1,0,97,0,5,1,1.5,0,4,0.29
CUST_0415,0,1,0,2,1,0,77,3,5,3,1.58,1,2,1.42
CUST_0416,0,14,1,6,1,0,24,4,3,6,3.36,2,5,0.87
CUST_0417,0,12,1,4,0,0,98,3,1,5,0.16,3,4,0.5
CUST_0418,0,8,0,4,1,0,64,2,2,2,3.63,0,3,1.37
CUST_0419,0,12,1,5,1,1,44,1,8,9,4.18,3,1,1.49
CUST_0420,1,13,1,3,1,1,64,1,1,10,2.08,3,3,0.36
CUST_0421,1,5,0,1,0,0,23,4,7,4,3.82,0,4,1.83
CUST_0422,1,15,1,8,0,0,58,1,5,4,0.87,2,3,1.5
CUST_0423,0,5,0,5,0,1,92,1,3,5,1.61,0,3,1.87
CUST_0424,0,11,1,3,0,0,16,0,7,8,4.87,2,4,0.63
CUST_0425,0,4,0,10,0,0,39,4,9,10,4.93,3,2,1.88
CUST_0426,0,6,0,7,0,0,92,4,2,4,2.56,0,5,0.74
CUST_0427,0,3,0,7,0,0,58,1,8,5,4.67,1,1,0.11
CUST_0428,1,9,0,1,1,0,98,1,9,4,2.61,2,5,1.53
CUST_0429,0,5,0,9,0,1,25,1,3,6,1.46,1,1,1.41
CUST_0430,0,3,0,2,0,0,60,5,2,3,1.33,2,5,1.2
CUST_0431,0,11,1,5,1,0,81,2,7,8,4.65,0,3,0.98
CUST_0432,1,1,0,5,1,0,91,3,5,6,0.86,1,2,0.06
CUST_0433,0,10,0,8,1,0,89,2,5,10,2.9,0,3,1.25
CUST_0434,0,12,1,8,1,1,92,4,10,5,2.78,2,2,0.83
CUST_0435,0,6,0,7,0,1,51,0,5,2,3.7,2,4,1.12
CUST_0436,1,15,1,7,1,1,26,3,4,10,2.5,2,1,0.86
CUST_0437,0,2,0,6,0,0,72,0,5,10,1.36,2,1,1.93
CUST_0438,1,13,1,6,0,1,54,5,4,7,0.85,3,4,1.21
CUST_0439,1,3,0,9,0,1,86,4,6,2,3.1,2,5,1.5
CUST_0440,0,1,0,6,0,1,16,5,4,1,3.59,1,4,1.87
CUST_0441,0,9,0,2,0,0,36,4,2,7,2.85,2,4,1.18
CUST_0442,1,8,0,2,1,0,19,0,9,5,3.69,0,2,0.02
CUST_0443,0,12,1,5,1,0,43,0,2,1,0.71,3,4,0.07
CUST_0444,0,2,0,4,0,1,45,0,9,4,4.41,1,1,1.4
CUST_0445,1,15,1,2,0,0,34,4,10,4,2.91,3,3,0.56
CUST_0446,1,12,1,3,1,0,15,1,6,10,0.63,3,2,1.16
CUST_0447,1,11,1,7,1,1,33,0,9,7,2.31,3,2,0.4
CUST_0448,1,8,0,8,0,1,27,5,9,9,4.22,0,5,0.54
CUST_0449,0,12,1,6,1,1,96,3,3,2,4.49,3,3,1.01
CUST_0450,0,14,1,5,0,0,15,4,1,1,1.32,3,2,1.95
CUST_0451,1,9,0,1,0,1,38,5,1,2,3.56,2,4,1.23
CUST_0452,0,1,0,8,1,0,34,2,3,7,0.5,0,2,1.87
CUST_0453,0,13,1,3,0,0,64,2,5,10,0.17,1,2,1.92
CUST_0454,1,5,0,6,0,0,90,3,3,6,2.8,1,2,0.42
CUST_0455,0,8,0,3,1,0,55,1,9,4,3.47,1,5,0.62
CUST_0456,0,15,1,7,1,0,33,0,9,1,3.98,0,2,1.54
CUST_0457,0,11,1,7,0,1,84,4,3,1,1.7,1,2,1.73
CUST_0458,0,14,1,9,0,0,35,5,3,5,0.03,0,5,1.04
CUST_0459,0,2,0,5,0,1,37,0,5,1,2.4,2,3,1.99
CUST_0460,0,4,0,8,1,0,12,5,2,7,0.08,2,1,0.02
CUST_0461,0,7,0,10,0,0,84,4,6,1,0.46,0,5,0.6
CUST_0462,0,3,0,10,0,0,47,2,7,1,1.63,1,5,1.25
CUST_0463,1,13,1,8,1,0,70,0,9,2,2.19,0,2,0.94
CUST_0464,0,12,1,1,0,0,87,3,6,10,1.4,0,2,0.23
CUST_0465,1,5,0,5,0,0,60,1,3,3,2.91,3,1,0.74
CUST_0466,0,8,0,3,0,0,99,3,5,1,0.28,0,2,0.05
CUST_0467,0,12,1,1,1,0,57,1,4,9,0.72,3,4,1.29
CUST_0468,1,10,0,4,0,0,30,5,5,10,3.48,2,2,1.79
CUST_0469,0,3,0,8,0,1,63,0,8,8,0.71,3,2,1.77
CUST_0470,1,4,0,3,1,0,65,0,8,5,3.2,0,4,1.4
CUST_0471,0,14,1,10,0,1,68,1,6,2,0.27,2,1,0.93
CUST_0472,1,15,1,2,0,1,81,2,1,5,2.04,3,4,1.02
CUST_0473,0,9,0,9,0,1,60,4,8,6,0.89,0,5,0.27
CUST_0474,1,14,1,10,0,1,29,3,8,1,0.55,2,4,0.68
CUST_0475,0,14,1,5,0,0,95,5,2,4,2.84,3,3,0.38
CUST_0476,1,7,0,7,0,1,68,3,4,9,4.64,0,5,1.64
CUST_0477,0,1,0,2,0,1,80,3,2,2,0.27,0,2,1.83
CUST_0478,0,14,1,9,0,0,18,5,4,5,2.11,1,5,1.07
CUST_0479,1,12,1,9,1,0,10,5,10,1,3.54,1,1,1.46
CUST_0480,0,4,0,4,1,0,38,0,7,4,2.31,3,1,0.24
CUST_0481,0,4,0,4,1,1,72,3,9,4,4.03,3,4,1.22
CUST_0482,0,9,0,6,1,1,81,4,8,6,0.9,3,5,1.41
CUST_0483,0,6,0,10,0,0,65,4,9,10,4.8,0,2,0.91
CUST_0484,0,9,0,10,1,0,77,1,8,9,1.93,3,1,0.49
CUST_0485,0,12,1,10,0,0,44,5,2,3,1.71,0,2,1.75
CUST_0486,1,15,1,6,1,0,12,0,7,9,4.37,3,3,1.49
CUST_0487,0,6,0,1,1,1,16,4,2,6,2.82,0,1,1.8
CUST_0488,0,6,0,9,1,0,36,2,2,7,2.58,0,4,1.64
CUST_0489,1,5,0,2,1,0,10,0,4,10,3.63,1,3,1.98
CUST_0490,1,5,0,5,0,0,100,0,1,2,2.9,2,5,0.38
CUST_0491,0,2,0,9,0,1,89,4,5,10,0.81,0,2,0.17
CUST_0492,0,8,0,4,0,0,80,2,6,6,3.37,3,1,0.67
CUST_0493,0,8,0,3,0,1,53,1,9,6,0.67,1,3,0.26
CUST_0494,0,11,1,7,0,0,96,4,10,2,4.03,3,3,1.05
CUST_0495,0,13,1,6,1,0,50,2,8,2,4.95,3,1,1.27
CUST_0496,0,1,0,8,1,0,84,0,2,2,1.89,0,5,1.16
CUST_0497,0,8,0,3,0,0,51,2,1,10,2.22,0,5,0.52
CUST_0498,0,5,0,5,1,0,42,0,2,1,0.23,2,4,1.82
CUST_0499,1,2,0,10,1,1,59,4,7,5,0.07,0,5,0.04
CUST_0500,1,14,1,4,1,1,72,5,4,8,4.61,0,4,0.7
CUST_0501,0,2,0,4,1,1,46,4,10,2,0.64,2,3,1.44
CUST_0502,0,14,1,4,0,0,68,3,5,5,2.23,3,1,1.53
CUST_0503,0,15,1,10,1,1,90,3,7,8,4.08,2,5,0.83
CUST_0504,1,15,1,8,1,0,57,3,3,10,4.45,2,4,0.03
CUST_0505,0,6,0,6,0,0,14,4,10,5,2.6,2,3,1.24
CUST_0506,0,11,1,3,0,0,57,1,2,2,2.83,1,5,0.13
CUST_0507,1,13,1,10,1,0,12,4,7,3,3.35,3,2,0.22
CUST_0508,1,9,0,5,0,1,56,5,5,6,4.81,1,3,1.3
CUST_0509,1,1,0,6,1,0,71,2,1,5,3.01,1,5,0.62
CUST_0510,1,12,1,5,1,0,23,4,1,4,2.8,0,3,0.7
CUST_0511,0,6,0,6,0,0,72,4,9,4,0.07,2,1,0.97
CUST_0512,0,9,0,8,0,0,70,0,5,5,0.4,2,1,1.96
CUST_0513,1,8,0,7,1,0,40,0,1,2,2.89,1,1,1.93
CUST_0514,1,11,1,5,0,0,26,0,7,9,4.68,0,2,0.83
CUST_0515,0,6,0,10,0,1,33,4,9,2,4.33,0,1,0.53
CUST_0516,0,3,0,6,0,1,32,1,1,10,4.91,0,2,0.61
CUST_0517,0,8,0,4,0,0,91,2,10,2,2.64,3,1,0.54
CUST_0518,1,9,0,9,1,0,59,2,4,10,3.94,1,3,1.06
CUST_0519,1,1,0,4,0,0,87,5,3,9,4.2,3,5,1.21
CUST_0520,0,12,1,1,1,1,88,1,5,3,3.24,0,5,0.98
CUST_0521,0,9,0,7,0,0,88,1,7,10,1.69,0,1,0.82
CUST_0522,0,14,1,7,0,0,79,2,8,7,2.35,0,5,0.42
CUST_0523,1,15,1,4,1,0,36,3,2,4,4.29,2,1,0.97
CUST_0524,1,6,0,3,1,0,24,0,7,6,1.49,1,1,0.68
CUST_0525,1,6,0,8,0,0,59,0,1,4,4.62,2,4,1.08
CUST_0526,0,12,1,5,0,1,45,2,7,10,1.15,3,4,1.35
CUST_0527,0,4,0,10,0,0,17,1,8,7,3.75,2,4,1.27
CUST_0528,0,1,0,7,0,0,88,5,2,1,3.15,1,2,0.92
CUST_0529,0,10,0,4,1,1,12,3,9,3,3.75,2,4,1.11
CUST_0530,1,8,0,4,0,1,71,2,1,3,2.19,0,1,0.57
CUST_0531,1,2,0,8,0,0,56,0,6,1,4.66,3,3,0.05
CUST_0532,1,12,1,8,0,0,86,4,1,6,3.16,3,4,1.25
CUST_0533,1,1,0,2,1,0,97,1,3,9,1.44,0,4,0.51
CUST_0534,0,2,0,2,1,1,70,4,6,8,3.19,0,3,1.34
CUST_0535,1,1,0,3,0,0,41,5,3,7,1.43,0,1,1.49
CUST_0536,1,1,0,3,1,1,22,2,8,10,1.47,1,2,1.83
CUST_0537,1,9,0,1,0,1,10,0,5,8,2.0,2,4,1.92
CUST_0538,0,13,1,3,0,0,43,3,2,6,4.26,3,3,0.02
CUST_0539,0,14,1,6,1,0,71,4,4,9,2.5,2,1,1.98
CUST_0540,0,1,0,8,1,0,88,3,9,3,3.39,0,5,1.37
CUST_0541,1,13,1,10,1,0,87,5,4,10,1.96,0,2,1.29
CUST_0542,0,4,0,6,0,0,91,0,10,10,1.32,2,3,0.03
CUST_0543,0,10,0,5,0,1,80,4,10,9,4.77,3,3,1.72
CUST_0544,0,6,0,4,1,1,40,5,8,4,3.02,1,3,0.29
CUST_0545,0,7,0,3,0,0,73,3,5,7,4.67,2,4,1.67
CUST_0546,0,2,0,4,0,1,34,3,10,9,1.02,0,5,0.03
CUST_0547,0,6,0,7,0,0,47,4,1,2,0.73,0,2,1.29
CUST_0548,0,7,0,1,1,0,23,0,7,2,4.28,1,1,0.87
CUST_0549,0,10,0,7,0,0,17,3,3,9,3.4,2,1,0.4
CUST_0550,1,14,1,1,0,0,100,2,10,3,0.93,1,5,0.22
CUST_0551,0,10,0,2,1,1,63,5,8,9,1.35,1,3,0.88
CUST_0552,1,2,0,4,0,1,11,4,3,5,4.0,3,3,0.25
CUST_0553,0,15,1,1,0,0,90,1,1,6,2.27,3,3,0.97
CUST_0554,0,2,0,9,0,0,87,1,5,2,3.35,0,3,1.25
CUST_0555,1,10,0,6,0,0,98,0,2,8,1.59,2,3,1.65
CUST_0556,0,7,0,1,0,0,65,2,4,9,1.91,3,5,1.36
CUST_0557,0,12,1,1,0,1,93,3,1,2,4.95,0,4,0.13
CUST_0558,0,1,0,6,1,1,94,1,9,6,1.24,2,2,0.61
CUST_0559,1,8,0,4,0,0,70,0,6,6,2.53,0,3,0.58
CUST_0560,0,11,1,4,1,0,31,5,8,8,4.22,3,4,1.83
CUST_0561,1,13,1,6,0,0,44,2,4,10,1.2,0,1,1.74
CUST_0562,0,3,0,7,0,0,25,2,9,5,2.08,2,5,0.74
CUST_0563,0,11,1,9,0,0,59,0,2,9,3.08,2,4,0.14
CUST_0564,0,6,0,10,0,0,52,0,9,1,2.41,0,3,1.79
CUST_0565,0,9,0,5,1,1,26,3,5,9,2.3,2,3,1.78
CUST_0566,0,6,0,9,0,1,89,0,6,10,1.81,0,3,1.71
CUST_0567,0,9,0,4,0,0,67,3,3,7,2.93,2,4,1.69
CUST_0568,0,7,0,10,1,0,11,3,4,4,3.12,0,3,0.96
CUST_0569,1,15,1,2,1,0,13,4,6,3,3.27,0,4,0.35
CUST_0570,0,9,0,3,1,0,94,2,7,10,0.35,0,3,0.95
CUST_0571,0,2,0,1,0,1,48,5,1,6,3.16,1,1,0.99
CUST_0572,1,12,1,6,1,0,15,2,7,1,4.77,2,1,0.98
CUST_0573,0,8,0,6,0,0,90,2,1,3,2.7,3,2,1.08
CUST_0574,0,8,0,1,0,0,98,4,5,2,3.58,0,3,0.52
CUST_0575,1,2,0,3,0,1,78,3,6,9,2.78,1,3,0.73
CUST_0576,1,12,1,5,0,0,78,3,2,3,4.27,3,4,0.87
CUST_0577,0,14,1,3,0,0,29,0,10,2,4.65,0,4,0.26
CUST_0578,1,4,0,10,0,0,73,4,9,4,0.92,3,3,0.91
CUST_0579,0,14,1,3,1,1,25,0,10,2,2.18,1,2,1.62
CUST_0580,0,15,1,10,0,1,60,4,6,1,1.96,3,3,1.66
CUST_0581,0,11,1,3,0,0,46,0,7,6,2.03,0,4,0.82
CUST_0582,1,15,1,5,0,1,82,1,10,10,0.63,3,3,1.04
CUST_0583,0,7,0,5,1,1,78,2,8,8,4.07,3,4,0.07
CUST_0584,0,11,1,4,0,1,51,2,10,10,0.18,0,3,1.35
CUST_0585,0,4,0,1,0,0,66,5,1,10,2.64,1,5,0.81
CUST_0586,0,4,0,5,1,0,75,3,8,2,3.31,1,4,0.89
CUST_0587,0,6,0,10,1,0,18,5,4,9,1.04,3,2,1.75
CUST_0588,0,10,0,5,0,1,95,1,10,3,4.53,2,5,0.92
CUST_0589,0,6,0,4,1,0,73,5,8,8,4.19,3,3,0.04
CUST_0590,0,10,0,6,1,1,95,2,6,8,2.36,2,4,0.45
CUST_0591,0,15,1,10,1,0,31,3,9,3,2.06,3,5,0.95
CUST_0592,0,3,0,4,0,1,43,1,4,3,1.18,1,2,0.85
CUST_0593,0,15,1,7,1,1,64,2,2,6,3.65,3,4,1.72
CUST_0594,0,9,0,7,0,0,38,0,2,1,0.66,3,5,1.08
CUST_0595,1,12,1,2,0,1,47,4,5,4,3.4,2,5,1.38
CUST_0596,0,10,0,3,0,0,27,1,10,1,4.21,1,5,0.94
CUST_0597,0,14,1,1,0,1,80,3,9,3,1.14,2,1,0.88
CUST_0598,0,11,1,8,0,0,74,5,3,9,4.33,3,3,0.89
CUST_0599,0,2,0,9,1,0,10,5,8,5,0.17,0,4,0.82
CUST_0600,0,6,0,4,0,1,97,1,4,5,4.56,3,4,1.08
CUST_0601,0,12,1,6,0,0,13,3,6,4,0.59,3,4,0.5
CUST_0602,0,7,0,9,0,1,13,1,10,3,3.23,2,5,1.78
CUST_0603,0,12,1,6,0,0,91,3,6,5,1.25,0,3,0.67
CUST_0604,0,13,1,9,1,0,36,5,3,4,4.18,0,2,0.3
CUST_0605,0,9,0,4,0,0,52,2,5,8,2.56,2,4,0.19
CUST_0606,0,13,1,8,0,0,68,0,3,4,0.68,1,3,0.03
CUST_0607,0,3,0,9,0,0,41,2,1,8,2.85,0,3,0.85
CUST_0608,0,10,0,4,0,0,42,0,7,6,2.04,0,1,0.38
CUST_0609,0,3,0,5,0,0,37,5,4,5,3.31,2,4,0.04
CUST_0610,0,7,0,8,1,0,64,2,7,4,4.41,1,5,1.04
CUST_0611,0,14,1,10,1,1,69,2,3,4,2.05,1,3,1.36
CUST_0612,1,4,0,6,0,1,79,1,5,4,1.45,3,3,0.17
CUST_0613,0,13,1,7,1,0,71,4,5,9,0.07,3,2,0.92
CUST_0614,0,8,0,3,1,1,89,5,2,4,2.87,2,1,1.49
CUST_0615,1,13,1,7,1,0,43,3,10,9,2.01,1,3,1.97
CUST_0616,1,7,0,8,0,1,96,5,2,10,1.87,2,3,1.33
CUST_0617,0,5,0,10,0,1,97,3,4,6,0.91,3,5,0.49
CUST_0618,0,7,0,6,0,1,65,3,4,10,2.15,2,5,1.43
CUST_0619,1,3,0,10,1,0,22,0,4,7,4.92,2,2,1.2
CUST_0620,1,12,1,9,1,1,65,3,6,10,1.49,0,2,0.42
CUST_0621,0,2,0,6,0,0,27,3,2,3,3.0,0,2,1.7
CUST_0622,0,6,0,9,0,1,63,1,6,8,3.88,0,5,0.85
CUST_0623,0,2,0,4,1,0,86,2,7,3,3.75,3,5,1.92
CUST_0624,0,3,0,8,1,0,52,5,10,1,1.64,2,1,1.45
CUST_0625,0,6,0,4,1,1,48,5,3,10,3.05,0,4,1.29
CUST_0626,0,5,0,2,1,1,70,3,8,5,4.36,0,4,1.46
CUST_0627,0,8,0,10,0,0,51,4,2,2,0.08,0,1,0.96
CUST_0628,1,9,0,9,0,1,90,5,8,10,2.18,3,4,1.01
CUST_0629,0,11,1,5,1,0,88,3,5,6,1.12,3,5,1.7
CUST_0630,0,3,0,4,0,0,27,0,2,10,1.94,2,4,1.36
CUST_0631,1,12,1,2,0,0,32,0,7,9,2.08,2,5,1.79
CUST_0632,1,10,0,1,1,0,63,0,2,1,3.73,2,1,1.78
CUST_0633,0,3,0,7,0,0,39,3,6,4,0.47,0,2,1.95
CUST_0634,0,3,0,6,1,0,67,1,10,1,2.56,1,1,1.4
CUST_0635,0,13,1,2,0,0,77,4,3,1,2.82,3,4,1.0
CUST_0636,0,13,1,8,1,0,76,3,9,8,2.47,0,5,0.33
CUST_0637,0,6,0,4,0,0,80,1,3,2,3.66,0,4,1.41
CUST_0638,0,15,1,8,0,1,27,1,3,1,1.92,2,4,0.58
CUST_0639,0,15,1,7,1,1,16,5,5,8,4.72,2,2,0.57
CUST_0640,0,1,0,5,0,0,49,3,7,4,2.41,0,4,0.48
CUST_0641,0,7,0,10,1,0,79,3,8,3,2.86,3,2,1.75
CUST_0642,0,12,1,10,1,0,95,1,7,4,4.13,3,5,1.74
CUST_0643,0,1,0,8,0,0,74,1,9,5,1.38,0,5,1.26
CUST_0644,0,14,1,9,0,1,77,1,5,1,0.38,1,2,0.95
CUST_0645,0,5,0,5,0,0,58,5,10,1,3.54,1,1,1.34
CUST_0646,1,15,1,10,0,0,61,3,3,3,2.42,3,5,1.21
CUST_0647,0,10,0,5,1,0,38,1,6,6,4.48,2,1,0.83
CUST_0648,0,13,1,2,1,0,30,0,5,1,4.91,1,5,0.76
CUST_0649,1,8,0,5,1,1,99,3,4,2,2.0,1,5,0.77
CUST_0650,0,4,0,3,1,1,87,5,2,7,2.08,2,3,1.18
CUST_0651,0,5,0,7,0,0,18,0,7,1,2.04,1,4,1.3
CUST_0652,0,4,0,10,1,0,56,2,5,7,1.62,0,4,0.9
CUST_0653,0,12,1,5,1,1,85,3,4,4,3.91,1,1,1.94
CUST_0654,1,12,1,8,1,1,51,2,8,10,3.79,2,4,0.17
CUST_0655,0,14,1,1,1,0,60,1,9,6,2.39,0,1,0.69
CUST_0656,0,4,0,3,0,0,65,5,9,8,0.22,1,5,0.84
CUST_0657,0,12,1,3,1,0,60,1,3,9,1.55,3,3,0.03
CUST_0658,0,8,0,9,0,0,79,5,3,6,1.46,0,3,0.73
CUST_0659,0,2,0,5,0,0,29,4,5,9,4.06,0,5,0.55
CUST_0660,0,1,0,9,0,0,97,1,5,4,0.44,3,2,1.01
CUST_0661,0,3,0,9,1,0,36,2,10,6,4.03,3,2,0.67
CUST_0662,1,9,0,1,1,0,47,5,2,8,3.35,1,4,1.45
CUST_0663,0,4,0,2,1,1,81,1,1,9,3.66,1,1,1.02
CUST_0664,0,10,0,5,1,0,74,3,8,3,2.16,2,3,0.26
CUST_0665,0,5,0,4,0,0,63,5,3,2,3.4,2,4,1.5
CUST_0666,0,2,0,10,1,0,33,5,1,6,3.05,0,5,0.2
CUST_0667,0,4,0,9,0,0,56,1,1,4,3.84,3,3,1.68
CUST_0668,0,2,0,7,0,1,80,4,2,1,2.23,3,1,1.86
CUST_0669,0,15,1,6,0,0,92,1,6,8,2.36,2,1,0.64
CUST_0670,0,2,0,7,1,0,95,2,6,9,3.22,0,2,1.85
CUST_0671,0,4,0,1,1,1,72,2,3,9,0.54,0,4,1.59
CUST_0672,1,6,0,1,0,0,66,5,4,2,2.18,2,5,1.84
CUST_0673,0,7,0,8,0,1,64,5,2,9,4.86,2,3,1.33
CUST_0674,0,10,0,2,1,0,69,1,2,7,0.19,2,1,0.47
CUST_0675,0,3,0,10,0,0,71,2,7,5,1.58,1,3,1.79
CUST_0676,1,3,0,9,1,0,39,2,1,7,1.57,0,5,0.37
CUST_0677,0,10,0,7,1,0,31,4,7,9,3.17,0,3,0.43
CUST_0678,0,6,0,6,0,1,84,3,1,8,0.53,0,4,0.54
CUST_0679,1,13,1,1,0,1,93,4,6,6,3.14,2,2,0.61
CUST_0680,1,12,1,1,1,0,38,0,3,4,0.48,2,3,1.03
CUST_0681,1,3,0,2,1,0,50,4,8,1,0.47,2,2,1.43
CUST_0682,0,13,1,6,0,1,51,1,6,6,3.64,2,5,1.85
CUST_0683,0,2,0,6,1,1,74,3,2,3,1.62,3,2,0.18
CUST_0684,0,8,0,2,0,0,40,1,8,6,4.89,2,3,1.91
CUST_0685,1,5,0,1,0,0,39,0,5,6,0.19,1,3,1.84
CUST_0686,0,15,1,10,1,0,27,3,8,4,2.23,3,1,0.11
CUST_0687,0,1,0,5,1,1,26,5,8,2,0.57,3,3,0.72
CUST_0688,0,3,0,5,0,0,47,2,6,9,1.76,2,2,1.63
CUST_0689,1,10,0,2,1,0,23,4,2,2,4.99,0,1,1.22
CUST_0690,0,8,0,6,0,1,96,1,8,3,4.44,2,3,1.56
CUST_0691,0,4,0,9,0,0,98,0,6,10,0.24,0,3,1.44
CUST_0692,0,14,1,2,0,0,88,2,6,1,2.82,2,5,0.99
CUST_0693,0,7,0,10,1,0,65,4,8,7,3.24,2,1,0.08
CUST_0694,0,10,0,2,0,0,31,2,1,1,1.05,0,5,1.17
CUST_0695,0,12,1,3,0,0,76,4,2,9,0.73,0,5,0.1
CUST_0696,0,14,1,7,0,0,65,5,9,1,4.52,0,5,1.21
CUST_0697,0,14,1,6,1,0,28,3,8,5,4.84,0,4,1.6
CUST_0698,0,2,0,8,1,0,66,2,7,7,4.96,1,5,1.17
CUST_0699,0,7,0,8,1,1,53,2,7,3,3.95,0,2,1.99
CUST_0700,0,5,0,6,0,1,44,2,5,9,3.32,2,3,0.91
CUST_0701,0,5,0,10,1,0,10,3,2,8,1.73,2,4,1.5
CUST_0702,0,6,0,3,0,0,61,0,6,3,0.86,1,5,1.33
CUST_0703,0,13,1,3,1,0,94,4,10,5,0.39,0,3,1.98
CUST_0704,0,9,0,1,1,0,79,5,3,7,3.47,2,1,1.43
CUST_0705,0,14,1,7,0,0,46,2,4,4,3.92,1,1,0.33
CUST_0706,1,6,0,5,1,1,74,3,10,5,4.13,2,3,1.91
CUST_0707,0,12,1,4,0,0,60,0,2,3,4.57,1,2,1.34
CUST_0708,1,13,1,10,0,0,10,4,2,9,4.4,1,3,0.12
CUST_0709,0,15,1,4,0,0,100,3,8,10,5.0,3,3,1.32
CUST_0710,0,14,1,4,0,1,30,5,8,9,1.22,3,4,1.77
CUST_0711,1,8,0,6,0,0,62,5,10,7,3.82,0,1,1.15
CUST_0712,0,7,0,8,1,0,25,4,6,10,2.93,3,1,0.71
CUST_0713,0,9,0,8,0,0,70,2,5,2,1.31,1,5,1.64
CUST_0714,0,4,0,5,1,1,63,5,8,7,4.91,2,3,1.57
CUST_0715,0,2,0,6,0,1,49,0,4,7,4.49,2,3,1.09
CUST_0716,1,7,0,4,0,0,35,3,4,5,0.64,0,2,0.31
CUST_0717,1,6,0,9,1,0,89,0,5,9,0.13,3,1,0.5
CUST_0718,1,1,0,8,0,0,74,2,1,3,3.44,0,2,1.48
CUST_0719,0,11,1,10,0,0,83,0,1,4,3.02,1,4,1.61
CUST_0720,1,9,0,10,1,1,73,0,2,1,4.68,3,5,0.56
CUST_0721,1,9,0,1,0,1,52,1,8,6,1.17,0,2,0.74
CUST_0722,0,12,1,2,0,1,26,0,7,4,0.42,2,1,0.16
CUST_0723,0,2,0,9,0,1,68,4,10,1,1.3,2,4,1.43
CUST_0724,1,3,0,8,1,0,32,3,9,2,0.09,0,3,0.01
CUST_0725,0,5,0,3,1,0,16,1,5,3,0.18,0,4,0.09
CUST_0726,1,5,0,8,1,1,53,3,2,9,4.57,0,2,0.01
CUST_0727,0,15,1,1,1,0,62,3,7,8,1.76,1,1,1.29
CUST_0728,1,1,0,10,0,1,80,2,8,7,2.05,1,2,0.83
CUST_0729,0,8,0,4,0,0,88,2,7,4,0.09,2,3,0.6
CUST_0730,0,12,1,3,1,0,43,1,7,1,1.35,1,3,1.83
CUST_0731,0,8,0,6,0,1,55,5,5,8,4.02,1,1,0.39
CUST_0732,1,4,0,7,0,0,77,2,2,4,3.08,3,5,0.78
CUST_0733,0,13,1,4,0,1,87,2,6,3,3.77,1,4,1.88
CUST_0734,0,7,0,7,0,1,87,2,4,9,2.24,3,4,0.85
CUST_0735,0,15,1,9,1,1,25,3,10,10,1.55,1,3,1.11
CUST_0736,1,15,1,2,0,1,80,1,2,4,2.41,2,2,0.16
CUST_0737,0,11,1,3,0,0,28,3,9,4,1.62,0,2,1.58
CUST_0738,1,10,0,5,0,1,11,4,7,9,4.19,2,5,0.85
CUST_0739,0,3,0,3,1,0,19,3,6,2,1.49,1,2,1.6
CUST_0740,0,6,0,8,0,0,59,4,5,5,3.3,0,4,0.51
CUST_0741,0,14,1,10,0,0,90,0,3,4,0.68,0,2,0.84
CUST_0742,0,10,0,8,1,0,21,0,10,9,3.43,0,5,1.57
CUST_0743,1,13,1,8,1,0,79,4,10,5,4.57,3,4,1.95
CUST_0744,0,10,0,9,0,0,31,4,4,9,3.04,2,2,0.12
CUST_0745,0,12,1,4,0,0,41,3,3,9,2.8,3,4,1.62
CUST_0746,1,14,1,5,0,1,93,4,8,2,4.81,0,3,0.6
CUST_0747,0,9,0,5,0,0,10,1,3,9,3.14,2,3,1.1
CUST_0748,0,1,0,8,0,1,63,0,7,3,1.3,2,3,0.58
CUST_0749,1,5,0,7,0,1,67,0,7,4,1.46,1,2,1.23
CUST_0750,0,4,0,9,0,1,79,5,7,1,3.53,3,5,0.71
CUST_0751,0,8,0,8,0,0,92,4,7,1,3.68,3,4,0.67
CUST_0752,1,11,1,2,1,1,27,2,2,1,1.52,1,1,0.08
CUST_0753,0,12,1,10,1,0,15,2,10,9,1.73,3,3,0.29
CUST_0754,0,1,0,4,1,1,54,4,3,8,4.96,0,3,1.83
CUST_0755,0,9,0,6,0,0,32,1,10,5,0.51,0,1,2.0
CUST_0756,1,6,0,2,0,1,32,2,9,5,2.02,3,1,1.56
CUST_0757,0,4,0,7,1,1,35,5,3,9,0.31,1,2,0.57
CUST_0758,0,12,1,3,0,0,86,4,2,3,4.11,2,4,0.8
CUST_0759,1,9,0,3,0,0,16,1,9,3,0.46,3,3,1.48
CUST_0760,1,11,1,2,0,1,88,1,10,7,3.37,2,5,1.94
CUST_0761,0,5,0,8,1,0,53,3,9,9,0.28,1,2,0.91
CUST_0762,0,15,1,6,1,1,36,1,4,6,3.36,2,2,1.66
CUST_0763,0,5,0,1,0,0,35,2,9,2,4.22,1,5,1.95
CUST_0764,1,12,1,1,0,0,88,2,3,1,1.99,1,5,1.75
CUST_0765,0,5,0,7,1,1,45,4,7,2,2.61,0,5,0.45
CUST_0766,0,1,0,8,0,1,64,4,7,1,2.01,0,1,0.02
CUST_0767,1,1,0,5,1,1,73,1,8,10,1.5,1,3,0.98
CUST_0768,1,8,0,5,1,0,100,5,10,10,4.02,3,1,1.06
CUST_0769,0,12,1,4,1,1,66,0,4,9,1.36,0,3,0.4
CUST_0770,1,8,0,6,0,0,78,3,3,10,3.61,1,1,0.57
CUST_0771,0,12,1,6,0,0,70,0,3,8,1.03,2,4,1.53
CUST_0772,1,15,1,3,0,1,11,1,5,7,1.25,2,3,0.94
CUST_0773,0,15,1,9,1,0,64,1,1,3,1.68,3,2,0.63
CUST_0774,0,6,0,7,1,0,89,0,10,8,2.95,2,3,1.25
CUST_0775,1,12,1,1,0,0,96,3,3,2,2.27,2,3,1.31
CUST_0776,0,11,1,7,0,1,47,0,6,2,3.73,1,3,1.54
CUST_0777,0,13,1,5,1,0,89,4,3,10,1.07,2,4,0.31
CUST_0778,1,4,0,5,1,1,87,2,5,3,0.05,2,1,1.48
CUST_0779,1,2,0,2,1,0,38,5,9,7,3.88,2,2,1.2
CUST_0780,0,14,1,4,0,0,35,4,2,1,4.11,2,1,0.12
CUST_0781,0,2,0,6,0,1,44,2,2,8,0.3,1,1,1.55
CUST_0782,0,9,0,10,1,0,88,5,6,7,3.05,2,5,0.77
CUST_0783,0,15,1,7,1,0,76,5,6,4,1.89,3,4,0.66
CUST_0784,0,5,0,5,0,0,96,5,8,5,3.97,0,5,0.9
CUST_0785,0,4,0,9,0,0,38,1,2,10,4.37,3,4,0.69
CUST_0786,1,10,0,3,0,1,43,5,9,1,4.26,0,1,0.68
CUST_0787,0,13,1,1,0,0,50,3,2,4,3.89,3,1,1.62
CUST_0788,0,1,0,4,0,1,50,0,1,1,1.35,0,4,0.25
CUST_0789,0,7,0,9,1,0,32,3,10,1,4.06,0,1,1.94
CUST_0790,1,3,0,4,0,0,80,0,2,10,2.67,0,1,1.11
CUST_0791,0,6,0,2,1,1,12,4,7,1,0.26,0,2,0.37
CUST_0792,0,5,0,10,0,0,67,4,8,7,2.28,1,5,0.26
CUST_0793,0,5,0,5,1,0,41,0,5,7,4.71,3,5,1.18
CUST_0794,0,11,1,3,1,0,40,3,6,4,4.44,0,5,1.27
CUST_0795,0,5,0,9,0,0,91,0,1,2,0.51,3,3,0.11
CUST_0796,1,1,0,4,0,0,52,5,6,3,3.72,2,2,0.49
CUST_0797,1,1,0,6,0,0,16,1,8,8,4.03,0,5,1.59
CUST_0798,0,3,0,2,0,0,10,4,3,8,1.36,3,5,0.1
CUST_0799,0,14,1,6,1,0,70,1,1,6,2.36,1,2,1.71
CUST_0800,1,12,1,3,1,0,23,5,4,10,3.55,3,1,1.32
CUST_0801,1,10,0,9,0,0,61,5,1,9,2.2,0,5,0.87
CUST_0802,0,4,0,2,0,0,15,4,8,9,0.56,2,1,0.69
CUST_0803,0,5,0,9,0,1,19,4,5,4,3.53,3,5,0.04
CUST_0804,0,2,0,5,1,1,80,5,1,1,4.56,2,4,1.65
CUST_0805,0,8,0,8,0,0,99,2,8,1,3.26,1,3,0.29
CUST_0806,1,11,1,2,0,1,39,1,9,10,3.87,3,5,0.62
CUST_0807,1,11,1,6,1,0,30,1,10,5,1.79,3,4,1.14
CUST_0808,1,14,1,3,1,0,69,2,2,2,0.92,1,2,0.49
CUST_0809,0,2,0,10,0,0,90,3,9,6,3.21,1,4,0.99
CUST_0810,0,9,0,5,1,0,83,1,8,7,1.64,1,2,1.62
CUST_0811,1,2,0,8,0,0,72,0,7,1,4.3,0,5,0.94
CUST_0812,1,13,1,10,0,0,51,5,3,6,0.61,0,2,1.9
CUST_0813,0,9,0,1,1,0,60,5,2,8,2.17,3,4,1.7
CUST_0814,1,7,0,5,1,1,73,2,7,5,1.98,3,3,0.67
CUST_0815,1,15,1,3,0,0,85,1,5,7,4.69,3,1,0.8
CUST_0816,0,8,0,4,0,0,65,3,6,10,0.77,2,1,0.85
CUST_0817,0,15,1,2,0,1,89,1,4,6,0.05,1,3,1.25
CUST_0818,0,11,1,9,0,0,50,5,2,4,1.19,3,1,0.57
CUST_0819,0,2,0,3,0,0,41,4,9,7,4.1,1,5,1.94
CUST_0820,0,7,0,2,0,1,24,0,3,10,1.05,0,5,1.22
CUST_0821,1,12,1,10,0,1,71,2,7,9,1.2,1,4,0.8
CUST_0822,0,6,0,9,1,1,36,4,8,10,0.65,2,4,1.29
CUST_0823,0,4,0,7,1,1,37,3,2,10,3.58,2,2,0.79
CUST_0824,0,7,0,6,1,1,90,4,6,7,0.35,1,4,1.64
CUST_0825,0,14,1,1,0,1,73,4,8,5,1.66,2,5,1.14
CUST_0826,1,13,1,5,1,0,68,3,7,7,1.41,2,4,0.08
CUST_0827,0,4,0,3,1,0,67,4,3,3,2.78,0,1,0.35
CUST_0828,0,2,0,1,1,0,11,2,1,2,3.65,3,2,1.73
CUST_0829,1,10,0,4,1,0,45,5,6,5,2.66,2,2,1.13
CUST_0830,0,12,1,2,1,1,80,1,8,4,4.66,3,5,1.9
CUST_0831,0,7,0,2,0,0,22,4,6,5,4.76,1,4,0.14
CUST_0832,0,8,0,3,0,0,24,2,5,8,1.81,1,1,0.59
CUST_0833,0,2,0,8,1,0,98,1,8,4,3.89,2,4,0.39
CUST_0834,0,5,0,8,1,1,96,1,2,9,3.69,1,3,1.11
CUST_0835,0,1,0,7,1,0,69,4,1,7,4.46,0,4,0.77
CUST_0836,0,7,0,6,0,1,31,2,1,10,2.24,2,5,0.31
CUST_0837,1,8,0,9,0,0,72,5,4,7,2.65,2,4,1.29
CUST_0838,0,13,1,4,0,0,99,4,6,8,2.08,2,2,1.07
CUST_0839,0,6,0,1,1,0,84,3,9,6,4.25,1,1,0.55
CUST_0840,0,5,0,8,0,0,83,1,1,8,1.15,1,5,0.96
CUST_0841,0,15,1,7,0,1,34,4,1,3,1.2,2,3,1.49
CUST_0842,0,6,0,7,0,1,57,1,5,10,1.86,3,1,0.41
CUST_0843,0,15,1,3,0,0,52,2,10,10,1.15,1,1,0.59
CUST_0844,1,2,0,4,1,0,47,0,5,1,2.81,1,2,0.69
CUST_0845,0,1,0,10,1,0,50,4,5,6,0.67,2,2,1.49
CUST_0846,0,7,0,9,1,1,54,5,10,1,1.6,3,2,1.69
CUST_0847,0,7,0,6,0,1,97,4,6,9,4.57,2,5,0.75
CUST_0848,1,10,0,5,1,0,49,1,8,2,2.05,1,4,0.59
CUST_0849,0,11,1,3,0,0,26,2,3,2,3.74,2,1,1.78
CUST_0850,0,10,0,9,1,1,97,3,9,7,0.57,2,4,2.0
CUST_0851,0,14,1,5,0,0,66,5,1,2,1.24,2,4,1.34
CUST_0852,1,2,0,5,0,0,11,2,4,10,4.04,3,2,1.98
CUST_0853,0,2,0,4,1,0,71,4,9,8,3.81,2,4,1.32
CUST_0854,1,1,0,4,1,0,97,3,8,6,1.93,1,1,1.47
CUST_0855,0,10,0,1,0,1,18,2,10,7,4.77,2,1,0.78
CUST_0856,0,8,0,7,1,1,77,0,9,7,4.55,3,3,0.87
CUST_0857,0,15,1,9,0,0,90,5,1,6,4.81,0,5,0.29
CUST_0858,0,8,0,3,0,0,26,1,9,10,2.14,3,4,1.65
CUST_0859,0,1,0,2,0,0,59,2,3,9,0.99,2,5,1.86
CUST_0860,0,12,1,3,0,0,49,2,10,9,3.13,0,5,1.25
CUST_0861,1,11,1,1,0,0,67,0,9,7,3.42,2,5,0.69
CUST_0862,0,8,0,6,0,0,84,4,1,9,0.63,3,5,0.31
CUST_0863,0,9,0,7,0,0,94,5,1,10,3.93,0,1,0.53
CUST_0864,0,14,1,2,1,0,30,5,9,3,0.09,0,4,0.51
CUST_0865,0,4,0,8,0,0,27,1,6,3,2.41,2,3,1.23
CUST_0866,0,1,0,6,1,0,64,2,4,1,1.66,2,5,1.89
CUST_0867,0,1,0,4,0,0,38,3,7,5,3.7,3,3,0.1
CUST_0868,0,3,0,5,1,0,33,2,5,4,1.56,2,1,0.0
CUST_0869,1,15,1,8,0,1,83,1,10,2,4.13,0,1,1.2
CUST_0870,1,14,1,3,0,0,26,2,7,9,2.97,1,2,0.57
CUST_0871,0,5,0,3,0,0,27,0,8,3,3.97,1,5,1.76
CUST_0872,0,5,0,4,0,1,51,2,8,8,4.95,3,2,0.65
CUST_0873,0,9,0,1,0,1,93,2,1,6,3.4,2,3,0.58
CUST_0874,0,10,0,9,1,0,54,3,8,5,4.92,3,4,0.54
CUST_0875,0,14,1,8,1,1,91,0,6,1,0.14,1,2,0.29
CUST_0876,0,12,1,8,1,0,26,0,4,4,1.69,1,1,1.16
CUST_0877,1,2,0,10,1,0,82,2,8,3,0.54,2,5,0.34
CUST_0878,0,2,0,6,0,0,23,5,3,1,1.31,0,3,0.85
CUST_0879,0,6,0,7,0,1,58,3,4,5,4.19,2,1,0.92
CUST_0880,0,15,1,6,0,1,38,2,6,6,0.16,1,4,0.04
CUST_0881,0,9,0,9,0,0,13,2,7,2,2.6,0,5,0.03
CUST_0882,0,1,0,3,0,0,91,1,4,3,2.84,3,4,1.04
CUST_0883,0,9,0,3,0,0,29,1,4,6,2.81,1,4,1.39
CUST_0884,0,9,0,3,0,0,56,5,7,4,2.38,3,5,1.88
CUST_0885,1,13,1,10,0,0,18,3,6,9,3.95,0,5,0.36
CUST_0886,0,9,0,3,1,1,86,4,8,5,0.67,3,4,0.21
CUST_0887,0,5,0,9,1,1,88,1,1,4,1.55,1,3,0.1
CUST_0888,0,13,1,4,0,1,36,4,10,2,3.08,2,5,0.87
CUST_0889,0,15,1,7,1,1,24,0,7,6,3.45,3,1,1.25
CUST_0890,0,9,0,9,1,0,28,1,7,10,2.02,1,2,1.68
CUST_0891,1,11,1,7,0,1,99,1,7,2,4.38,1,3,1.37
CUST_0892,1,4,0,9,0,0,61,3,7,7,2.08,0,5,0.42
CUST_0893,1,2,0,3,0,0,35,5,10,3,2.01,1,5,0.92
CUST_0894,0,13,1,4,1,0,98,4,10,9,0.18,2,3,1.82
CUST_0895,0,6,0,8,1,0,35,1,8,5,2.76,2,2,0.65
CUST_0896,0,14,1,6,0,0,35,1,9,8,3.54,3,4,1.0
CUST_0897,0,4,0,5,0,0,55,3,9,6,0.57,3,1,1.92
CUST_0898,1,6,0,4,0,1,58,3,2,10,1.53,3,5,1.47
CUST_0899,0,3,0,8,0,0,91,5,7,8,3.91,3,2,1.5
CUST_0900,0,6,0,1,0,0,62,4,7,3,1.83,2,1,0.5
CUST_0901,0,2,0,9,1,1,12,0,4,3,1.21,0,3,0.83
CUST_0902,0,2,0,1,1,0,75,5,9,5,3.36,3,5,0.16
CUST_0903,0,13,1,8,1,0,51,0,8,10,0.98,0,4,1.21
CUST_0904,0,9,0,4,1,0,28,2,1,3,4.48,1,3,0.21
CUST_0905,0,7,0,9,1,0,26,1,2,8,0.53,1,5,1.67
CUST_0906,1,3,0,5,0,0,42,4,2,10,3.53,3,2,1.63
CUST_0907,1,13,1,3,1,0,85,5,8,8,2.5,1,1,1.07
CUST_0908,0,11,1,9,0,0,58,1,1,2,4.35,0,1,0.28
CUST_0909,0,1,0,9,1,0,65,4,4,4,0.63,0,5,0.05
CUST_0910,0,8,0,4,0,0,72,4,10,10,3.39,1,3,1.59
CUST_0911,0,14,1,4,1,0,12,4,5,1,2.86,3,4,1.2
CUST_0912,0,6,0,8,0,0,58,1,9,4,2.4,0,2,1.42
CUST_0913,0,7,0,2,0,1,64,5,7,4,2.46,0,5,0.61
CUST_0914,0,9,0,9,0,0,35,3,8,10,3.61,2,2,1.02
CUST_0915,0,5,0,6,0,0,81,1,9,9,4.69,3,1,1.49
CUST_0916,0,15,1,9,1,1,61,4,7,3,0.46,2,4,0.93
CUST_0917,0,1,0,8,1,0,16,5,5,2,0.1,1,2,1.2
CUST_0918,1,12,1,7,0,0,55,2,5,9,4.03,1,5,1.58
CUST_0919,1,10,0,1,0,0,55,0,10,9,0.54,2,4,0.43
CUST_0920,0,7,0,3,0,1,25,4,6,1,4.93,3,3,0.13
CUST_0921,1,15,1,2,0,1,33,2,5,6,3.1,0,5,1.06
CUST_0922,0,5,0,5,0,0,70,3,9,10,3.25,1,2,0.12
CUST_0923,1,3,0,5,1,1,63,4,3,8,0.99,3,4,1.53
CUST_0924,1,12,1,5,0,0,71,2,3,3,1.2,3,5,1.44
CUST_0925,0,13,1,4,0,0,10,4,7,9,3.3,1,4,1.76
CUST_0926,0,9,0,5,0,0,58,1,7,2,4.55,1,4,1.28
CUST_0927,0,1,0,3,0,0,34,5,6,6,4.91,3,4,0.13
CUST_0928,0,1,0,1,0,1,19,2,3,1,0.99,0,2,0.51
CUST_0929,0,1,0,5,1,0,89,5,7,7,0.67,2,5,1.62
CUST_0930,0,3,0,9,0,0,25,1,5,3,0.28,1,1,0.33
CUST_0931,0,12,1,9,0,1,67,1,7,7,4.34,2,1,1.4
CUST_0932,1,6,0,4,0,0,81,5,2,4,1.47,3,2,1.56
CUST_0933,1,10,0,3,0,0,38,2,6,9,0.01,2,2,0.66
CUST_0934,0,11,1,1,0,0,15,5,8,5,1.12,0,4,0.64
CUST_0935,0,3,0,2,1,1,25,5,1,3,1.7,3,5,1.12
CUST_0936,0,8,0,8,1,1,29,0,4,8,4.95,0,5,1.72
CUST_0937,0,14,1,1,0,0,89,2,1,6,2.62,3,3,0.45
CUST_0938,1,14,1,8,0,1,80,0,1,2,1.02,0,3,1.88
CUST_0939,0,10,0,7,0,0,87,4,10,3,1.67,3,1,1.2
CUST_0940,0,2,0,8,0,1,52,5,8,8,1.65,0,3,1.98
CUST_0941,0,14,1,6,1,0,35,4,7,10,0.1,3,3,0.18
CUST_0942,0,9,0,9,1,0,99,2,10,7,0.68,0,1,0.25
CUST_0943,0,3,0,3,0,1,87,5,1,10,3.48,3,1,1.65
CUST_0944,1,5,0,10,0,0,80,4,2,6,0.6,0,3,1.73
CUST_0945,0,10,0,4,0,0,42,3,4,1,1.15,1,5,0.89
CUST_0946,0,8,0,6,1,0,35,1,1,9,1.75,2,3,1.43
CUST_0947,0,2,0,8,1,1,54,5,3,3,3.79,3,4,1.74
CUST_0948,1,6,0,5,0,0,93,1,8,5,2.91,0,4,0.09
CUST_0949,1,12,1,3,0,0,72,0,8,7,3.44,1,4,1.15
CUST_0950,0,5,0,6,1,0,76,4,8,7,2.84,3,2,1.71
CUST_0951,0,13,1,4,0,0,61,0,6,3,3.42,3,4,0.8
CUST_0952,0,10,0,9,0,0,77,5,6,4,0.01,3,5,0.6
CUST_0953,0,9,0,3,0,1,35,1,5,10,4.65,2,2,1.59
CUST_0954,1,12,1,4,1,1,84,1,9,7,0.55,0,2,0.67
CUST_0955,0,5,0,7,0,0,11,4,4,8,2.03,0,4,0.01
CUST_0956,0,2,0,7,0,0,23,5,10,2,3.86,3,3,1.92
CUST_0957,0,5,0,4,1,0,39,3,7,9,2.18,3,1,1.18
CUST_0958,0,15,1,6,0,0,58,3,1,7,4.73,3,3,1.64
CUST_0959,0,12,1,3,0,1,21,4,9,8,2.34,1,3,1.65
CUST_0960,1,4,0,6,0,0,99,5,7,6,4.37,3,2,0.13
CUST_0961,0,15,1,2,0,0,53,4,10,6,4.05,2,2,0.34
CUST_0962,0,11,1,8,1,1,42,5,9,9,4.9,0,2,0.62
CUST_0963,0,7,0,2,0,0,22,0,7,4,4.63,2,5,0.64
CUST_0964,0,6,0,7,0,0,87,4,2,5,4.49,3,5,1.32
CUST_0965,0,14,1,9,0,0,97,5,6,9,3.66,1,1,1.25
CUST_0966,0,2,0,1,1,1,35,3,10,1,1.83,3,2,0.99
CUST_0967,1,12,1,8,1,1,30,5,4,4,0.53,3,4,0.42
CUST_0968,0,11,1,7,0,0,37,5,3,7,3.44,3,2,0.76
CUST_0969,0,11,1,6,0,1,57,4,2,9,4.89,3,5,1.09
CUST_0970,0,13,1,6,1,0,49,0,6,10,3.63,3,2,0.94
CUST_0971,0,5,0,6,0,0,75,0,8,6,4.64,0,5,0.25
CUST_0972,1,7,0,9,1,0,82,0,6,8,4.02,2,2,1.3
CUST_0973,1,11,1,2,1,0,96,0,9,9,0.82,1,4,0.15
CUST_0974,0,7,0,1,1,0,88,2,5,10,1.25,3,1,0.76
CUST_0975,0,15,1,6,0,0,86,4,2,4,1.71,1,4,1.42
CUST_0976,0,5,0,10,0,0,32,1,8,1,0.84,0,5,0.04
CUST_0977,0,12,1,8,1,0,90,4,9,8,2.91,2,3,1.14
CUST_0978,0,15,1,3,0,0,57,2,10,2,4.88,3,4,0.67
CUST_0979,0,9,0,10,0,1,11,0,4,1,3.81,0,2,0.02
CUST_0980,0,4,0,1,1,0,93,2,6,7,2.12,0,1,0.38
CUST_0981,0,11,1,9,1,0,29,3,10,10,0.02,2,2,1.88
CUST_0982,1,3,0,1,0,0,68,3,8,9,1.57,3,2,1.04
CUST_0983,0,15,1,3,0,0,55,4,9,9,2.63,2,4,1.99
CUST_0984,0,4,0,8,0,1,12,4,5,3,1.62,2,1,1.05
CUST_0985,1,5,0,3,1,0,64,1,6,6,0.56,1,3,1.09
CUST_0986,0,13,1,4,1,0,21,1,4,7,2.21,1,2,0.78
CUST_0987,0,6,0,8,0,1,49,3,5,10,1.27,2,1,0.62
CUST_0988,0,3,0,1,0,0,75,0,7,9,4.55,1,3,0.5
CUST_0989,0,2,0,6,1,0,87,2,9,2,0.51,0,2,0.69
CUST_0990,1,14,1,1,0,0,25,1,10,8,0.25,2,1,0.92
CUST_0991,1,13,1,1,0,1,92,5,6,7,0.03,3,4,0.38
CUST_0992,0,4,0,8,1,0,43,1,6,4,1.64,3,2,0.45
CUST_0993,0,5,0,4,0,0,53,0,8,2,3.3,0,2,0.54
CUST_0994,0,4,0,1,1,0,15,0,4,8,3.65,3,1,0.9
CUST_0995,0,14,1,10,0,0,86,4,3,5,2.27,3,2,1.31
CUST_0996,0,11,1,7,0,0,73,2,7,6,3.42,2,3,1.71
CUST_0997,1,13,1,5,1,0,31,0,5,7,1.8,0,2,0.57
CUST_0998,0,15,1,5,0,0,27,1,2,10,3.34,2,5,0.37
CUST_0999,1,12,1,1,1,1,21,1,2,1,0.2,0,3,0.76
CUST_1000,0,3,0,10,0,1,61,3,6,8,1.95,2,1,1.79
